model,shots,book,answer
gemma3:1b,0,"The Return of the King (The Lord of the Rings, #3)","Based on the book description and the provided emotion vector analysis, I would recommend **“The Return of the King”** to teenagers.

Here’s my reasoning:

*   **Anger:** The description highlights a perilous journey and the threat of evil, suggesting a sense of urgency and conflict, which aligns with the potential for anger.
*   **Anticipation:** The text emphasizes the excitement of a special anniversary and the journey ahead, creating a strong sense of anticipation.
*   **Disgust:** The mention of “horrible Gollum” and “treacherous nature” indicates a degree of unease or discomfort, hinting at a possible element of disgust.
*   **Fear:** The description of being captured by orcs points to a significant fear element.
*   **Joy:** While subtle, the language used (""plucky servant,"" ""saving the world"") suggests a feeling of hope and excitement, which is tied to joy.
*   **Sadness:** The description of Frodo's capture and the looming danger create a foundation of sadness.
*   **Surprise:**  The text describes a sudden and dangerous shift in the narrative.
*   **Trust:** The text shows a focus on faith and reliability, which is a core element of the story's themes.

While the description leans toward a narrative of danger and struggle, the overall tone and themes – adventure, peril, and a sense of destiny – strongly suggest that teenagers would connect with this story."
gemma3:1b,0,"The Return of the King (The Lord of the Rings, #3)","Based on the book description and the normalized emotion vectors, I would recommend **“The Return of the King”** to the **16-17** age group.

Here’s the reasoning:

*   **Anger:** The description contains elements of struggle and danger (""taming Gollum,"" ""captured by orcs""), which suggests an emotional response to a challenging situation.
*   **Anticipation:** The text highlights a significant event (""The Hobbit's fifteenth anniversary,"" ""the ring's original owner"") – creating anticipation and excitement.
*   **Disgust:** The mention of ""treacherous nature"" of Gollum could evoke a sense of disgust, reflecting the complexity of the situation.
*   **Fear:** The narrative introduces danger (""captured by orcs,"" ""destroying the ring"") which evokes fear.
*   **Joy:** The overall tone of the book is hopeful and adventurous, which suggests a positive emotional response.
*   **Sadness:** The mention of Frodo’s capture and the weight of the task suggests a sadness element, possibly from the challenges of the story.
*   **Surprise:** The description itself reveals the main plot point - the ring’s return – establishing a surprise element that could appeal to this age group.
*   **Trust:** The description highlights the important role of Samwise, which reinforces the theme of trust and reliance."
gemma3:1b,0,"The Return of the King (The Lord of the Rings, #3)","Based on the book description and the provided emotion vector analysis, I would recommend **“The Return of the King” to the 16-17 age group.**

Here’s my reasoning:

*   **Anger:** The description highlights a sense of urgency and a challenging task (""destroying the ring""). This leans towards a slightly higher level of anger, reflecting the stakes involved.
*   **Anticipation:** The text uses phrases like “inspiring celebration” and “stirring sequel,” suggesting a significant level of anticipation.
*   **Disgust:** The mention of “horrible Gollum” evokes a sense of displeasure, hinting at a potential negative element within the story.
*   **Fear:** The description of Frodo being captured and the fate of the ring suggests a degree of fear and worry.
*   **Joy:** While present, the overall tone is focused on the potential of saving Middle-earth.
*   **Sadness:** There is a hint of melancholy as the story explores the loss and peril faced by Frodo.
*   **Surprise:** The opening of the story shows the anticipation of a significant event.
*   **Trust:**  The text establishes a core relationship with Samwise, emphasizing trust as a key component of the narrative.

While the description also leans towards sadness and a bit of melancholy, the overall tone and elements presented suggest a stronger emphasis on the adventure and peril associated with the story, aligning best with the 16-17 age group’s preferences."
gemma3:1b,0,"The Return of the King (The Lord of the Rings, #3)","Based on the book description and the emotion vectors, I would recommend **“The Return of the King (The Lord of the Rings, #3)”** to the **16-17** age group.

Here’s my reasoning:

* **Anger:** The description evokes a sense of urgency and a struggle (""taming Gollum,"" ""task of destroying the ring""). This leans towards a slightly heightened emotional state.
* **Anticipation:** The mention of “The Hobbit’s fifteenth anniversary” and the ""stirring sequel"" clearly indicates high anticipation.
* **Disgust:** The mention of “horrible Gollum” suggests a feeling of unease or revulsion, which aligns with a slight sense of discomfort.
* **Fear:** The mention of being captured by orcs and the fate of the world (""saving the world of Middle-earth"") suggests a level of apprehension.
* **Joy:** The mention of ""plucky servant, Samwise"" introduces a sense of hope and positive energy, reflecting joy.
* **Sadness:** The reference to Frodo's capture and the ring’s destruction hints at a somber atmosphere, aligning with sadness.
* **Surprise:** The description of the orcs captures a moment of unexpected danger.
* **Trust:** The words ""plucky servant"" signify trust, a crucial element within the story.

While the other age groups have positive emotions, the overall tone and themes of the book description lean towards a feeling of heightened intensity and potential conflict, making the 16-17 age group the most appropriate recommendation."
gemma3:1b,0,"The Return of the King (The Lord of the Rings, #3)","Based on the book description and the emotion vector analysis, I would recommend **“The Return of the King”** to teenagers.

Here’s my reasoning:

* **Strong Emotional Signals:** The description heavily emphasizes anticipation, peril, and a sense of adventure. Words like ""stirring sequel,"" ""perilous journey,"" and ""capturing"" all point to a narrative driven by excitement and danger.
* **""Anger"" is relatively low:** While there's a hint of challenge, the overall tone leans towards the thrilling and epic.
* **Positive Emotional Components:** The description highlights themes of heroism, friendship, and a heroic quest, which often resonate well with teenagers.


While ""Fear"" and ""Sadness"" are present, they are less prominent and don't strongly outweigh the other positive emotions.  “Joy” and “Trust” are also present, which suggests a narrative that can be both exciting and comforting.

Therefore, the combination of these elements makes “The Return of the King” the most fitting recommendation for teenagers."
gemma3:1b,1,"The Return of the King (The Lord of the Rings, #3)",Answer: 18+
gemma3:1b,1,"The Return of the King (The Lord of the Rings, #3)",Answer: 18+
gemma3:1b,1,"The Return of the King (The Lord of the Rings, #3)",Answer: 18+
gemma3:1b,1,"The Return of the King (The Lord of the Rings, #3)",Answer: 18+
gemma3:1b,1,"The Return of the King (The Lord of the Rings, #3)",Answer: 18+
gemma3:1b,3,"The Return of the King (The Lord of the Rings, #3)",Answer: 16-17
gemma3:1b,3,"The Return of the King (The Lord of the Rings, #3)",Answer: 16-17
gemma3:1b,3,"The Return of the King (The Lord of the Rings, #3)",Answer: 16-17
gemma3:1b,3,"The Return of the King (The Lord of the Rings, #3)",Answer: 16-17
gemma3:1b,3,"The Return of the King (The Lord of the Rings, #3)",Answer: 16-17
gemma3:1b,5,"The Return of the King (The Lord of the Rings, #3)",Answer: 18+
gemma3:1b,5,"The Return of the King (The Lord of the Rings, #3)",Answer: 18+
gemma3:1b,5,"The Return of the King (The Lord of the Rings, #3)",Answer: 18+
gemma3:1b,5,"The Return of the King (The Lord of the Rings, #3)",Answer: 18+
gemma3:1b,5,"The Return of the King (The Lord of the Rings, #3)",Answer: 18+
gemma3:1b,0,"The Warriors - The Kent Chronicles, Volume Six, Book Club Edition","Based on the book description and the provided emotion vector analysis, I would recommend **""The Warriors - The Kent Chronicles, Volume Six, Book Club Edition""** to the **16-17 age group**.

Here’s my reasoning:

* **Anger:** The description highlights a conflict between two families (""Abolitionist Jeptha Kent and his sons"") and a struggle for power, suggesting an element of anger and tension.
* **Anticipation:** The description hints at a significant event (the Civil War) and the Kent family’s involvement, which naturally evokes anticipation.
* **Disgust:** The mention of ""abolitionist"" and the setting of the Civil War could suggest a sense of discomfort or moral conflict, potentially a feeling of disgust.
* **Fear:** The context of the conflict and the Kent family’s role in the Civil War creates a potential for fear, especially for a younger audience.
* **Joy:** The description is primarily focused on a conflict, creating a sense of tension that might be associated with joy.
* **Sadness:** The mention of ""opposing sides"" implies a loss or tragedy, potentially evoking sadness.
* **Surprise:** The description doesn't offer any surprises, so this element is not particularly relevant.
* **Trust:** The description doesn’t convey a sense of trust, which is a less prominent element in this context.

The higher scores for ""Anger,"" ""Anticipation,"" and ""Fear"" in the description combined with the overall tone suggest this book would resonate particularly well with the 16-17 age group."
gemma3:1b,0,"The Warriors - The Kent Chronicles, Volume Six, Book Club Edition","Based on the book description and the provided emotion vector analysis, I would recommend **""The Warriors - The Kent Chronicles, Volume Six, Book Club Edition""** to the **16-17 age group**.

Here’s my reasoning:

*   **Anger:** The description highlights a conflict between Jeptha Kent and his sons, which evokes a sense of frustration and anger.
*   **Anticipation:** The description introduces a significant conflict and difficult situation, suggesting anticipation and perhaps a bit of anxiety.
*   **Disgust:** There’s a subtle element of negativity implied by the abolitionist setting, which could be interpreted as a degree of disgust.
*   **Fear:** The description hints at a dangerous and complex situation, which could trigger a feeling of fear.
*   **Joy:** There's little to suggest joy in the description, rather a sense of seriousness and conflict.
*   **Sadness:** The book’s tone is largely serious and contemplative, lessening the chance of sadness.
*   **Surprise:** There’s no element of surprise in the description.
*   **Trust:** The description focuses on complex relationships, so trust isn’t a central theme.

The 16-17 age group generally enjoys stories with themes of conflict, adventure, and difficult decisions, which “The Warriors - The Kent Chronicles, Volume Six, Book Club Edition” certainly fits into."
gemma3:1b,0,"The Warriors - The Kent Chronicles, Volume Six, Book Club Edition","Based on the book description and the provided emotion vector analysis, I would recommend **“The Warriors - The Kent Chronicles, Volume Six, Book Club Edition”** to the **16-17 age group**.

Here’s my reasoning:

* **Anger:** The description focuses on conflict and injustice – a strong element of anger.
* **Anticipation:** The book centers around a significant historical event (the Civil War), which naturally generates anticipation and excitement.
* **Disgust:** The mention of abolitionist Jeptha Kent and the complexities of the Civil War evoke a sense of discomfort and perhaps disgust, reflecting the darker themes of the story.
* **Fear:** The narrative deals with difficult and morally complex themes, raising questions of injustice and loss – a clear indicator of fear.
* **Joy:** While not overtly joyful, the exploration of difficult subjects and the conflict itself can spark a degree of curiosity and a yearning for understanding – which leans towards joy.
* **Sadness:** The story deals with loss and the consequences of conflict.
* **Surprise:** The book's premise involves a significant and unexpected plot element – which suggests a degree of surprise.
* **Trust:** The book highlights the complexities of human relationships, raising questions about trust and betrayal, which can be an element of fear and uncertainty.

The book description leans heavily into the heavier themes present, and the emotion vectors align with a teenage audience interested in stories with depth and moral complexity."
gemma3:1b,0,"The Warriors - The Kent Chronicles, Volume Six, Book Club Edition","Based on the book description and the provided emotion vector analysis, I would recommend **“The Warriors - The Kent Chronicles, Volume Six, Book Club Edition”** to teenagers aged **16-17**.

Here’s why:

* **Anger:** The description highlights a conflict and difficult situation, which aligns with the 16-17 age group's tendency towards heightened emotional responses.
* **Anticipation:** The mention of ""opposite sides of the Civil War"" strongly suggests a dramatic and potentially tense plot, fitting the 16-17 age range’s interest in action and suspense.
* **Disgust:** The setting of the Civil War could evoke a sense of historical discomfort, which teenagers often relate to.
* **Fear:** The mention of ""opposing sides"" implies a potentially dangerous or unsettling situation, which is a common fear for this age group.
* **Joy:** While not a primary emotion, the “Kent Family Chronicles” theme offers a potential for nostalgic or thoughtful enjoyment, which could resonate with 16-17 year olds.
* **Sadness:** The book deals with a difficult and complex situation, which could trigger feelings of sadness in teenagers.
* **Surprise:** The book contains a surprising plot element - Jeptha Kent's involvement with abolitionist activities - which could be intriguing.
* **Trust:** The book focuses on a complex family dynamic, creating an element of suspense and intrigue that might appeal to this age group."
gemma3:1b,0,"The Warriors - The Kent Chronicles, Volume Six, Book Club Edition","Based on the book description and the emotion vector analysis, I would recommend **""The Warriors - The Kent Chronicles, Volume Six, Book Club Edition""** to the **16-17** age group.

Here’s my reasoning:

*   **Anger:** The description highlights a conflict between two characters (""Jeptha Kent and his sons"") – a potential source of anger.
*   **Anticipation:** While not explicitly stated, the context of abolitionist conflict suggests anticipation of a difficult situation.
*   **Disgust:** The description does not contain any elements that evoke disgust.
*   **Fear:** The description doesn't present any elements that suggest fear.
*   **Joy:** There is no indication of joy in the description.
*   **Sadness:** The description doesn’t evoke sadness.
*   **Surprise:** The description offers little surprise.
*   **Trust:** The book’s tone doesn’t strongly imply trust.

The book description leans heavily into conflict and a challenging situation, which is a key element that resonates with the 16-17 age group."
gemma3:1b,1,"The Warriors - The Kent Chronicles, Volume Six, Book Club Edition",16-17
gemma3:1b,1,"The Warriors - The Kent Chronicles, Volume Six, Book Club Edition",16-17
gemma3:1b,1,"The Warriors - The Kent Chronicles, Volume Six, Book Club Edition",16-17
gemma3:1b,1,"The Warriors - The Kent Chronicles, Volume Six, Book Club Edition",16-17
gemma3:1b,1,"The Warriors - The Kent Chronicles, Volume Six, Book Club Edition",16-17
gemma3:1b,3,"The Warriors - The Kent Chronicles, Volume Six, Book Club Edition",18+
gemma3:1b,3,"The Warriors - The Kent Chronicles, Volume Six, Book Club Edition",18+
gemma3:1b,3,"The Warriors - The Kent Chronicles, Volume Six, Book Club Edition",18+
gemma3:1b,3,"The Warriors - The Kent Chronicles, Volume Six, Book Club Edition",18+
gemma3:1b,3,"The Warriors - The Kent Chronicles, Volume Six, Book Club Edition",18+
gemma3:1b,5,"The Warriors - The Kent Chronicles, Volume Six, Book Club Edition",16-17
gemma3:1b,5,"The Warriors - The Kent Chronicles, Volume Six, Book Club Edition",18+
gemma3:1b,5,"The Warriors - The Kent Chronicles, Volume Six, Book Club Edition",Answer: 16-17
gemma3:1b,5,"The Warriors - The Kent Chronicles, Volume Six, Book Club Edition",Answer: 16-17
gemma3:1b,5,"The Warriors - The Kent Chronicles, Volume Six, Book Club Edition",Answer: 16-17
gemma3:1b,0,"The Snake, the Crocodile and the Dog (Amelia Peabody, #7)","Okay, based on the book description and the provided emotion vectors, I would recommend this book to teenagers with a **moderate level of ""Fear"" and ""Sadness""**.

Here’s my reasoning:

*   **Fear:** The description highlights a sense of impending danger and peril, which strongly suggests a ""Fear"" emotion. The mention of a ""deadly plot"" and a ""chilling as a mummy'scurse"" points to a potentially unsettling atmosphere.
*   **Sadness:** The themes of a strained marriage, a lost love, and a looming threat to their lives evoke sadness. Amelia's worry about her marriage and the potential for catastrophe adds to this feeling.

**Why not higher or lower?**

*   **Higher:** While there's a hint of ""Surprise,"" the overall tone leans toward a more serious and potentially unsettling narrative.
*   **Lower:** The description doesn't strongly emphasize ""Joy"" or ""Anticipation,"" which might suggest a story less focused on lightheartedness.

**In short, the book feels like a story that could resonate with teenagers who are experiencing some emotional turmoil or are drawn to mysteries with a touch of darkness.**"
gemma3:1b,0,"The Snake, the Crocodile and the Dog (Amelia Peabody, #7)","Okay, based on the book description and the emotion vectors, I would recommend “The Snake, the Crocodile and the Dog (Amelia Peabody, #7)” to the teenager in the ""16-17"" age group.

Here’s my reasoning:

*   **Anger:** The description includes elements of danger and threat (""a deadly plot,"" ""perils as chilling as a mummy's curse""). This strongly aligns with the “Anger” emotion vector.
*   **Anticipation:** The description highlights a thrilling adventure and a complex mystery, which naturally evokes anticipation.
*   **Disgust:** The description of a “coaly” and “dark” setting (“the expedition began so happily…but their return would threaten not only their marriage, but their very lives with perils as chilling as a mummy’s curse"") evokes a sense of disgust.
*   **Fear:** The mention of a ""mysterious enemy"" and the ""location of a legendary long-lost oasis"" clearly indicates a high level of fear.
*   **Joy:** While there’s a touch of nostalgia in the description of Amelia’s son, the overarching theme of adventure and danger leans towards a sense of joy, in a bittersweet way.

**In short, the book’s tone and themes – adventure, mystery, and peril – are best suited for the ""16-17"" age group.**"
gemma3:1b,0,"The Snake, the Crocodile and the Dog (Amelia Peabody, #7)","Okay, based on the book description and the emotion vector analysis, I would recommend **“The Snake, the Crocodile and the Dog (Amelia Peabody, #7)”** to the teenager.

Here’s my reasoning:

**Analysis:**

The book description evokes a strong sense of mystery, adventure, and a slightly melancholic tone. It leans into elements of historical intrigue, suspense, and a touch of fairytale magic. The mention of a ""deadly plot"" and a ""chilling as a mummy's curse"" suggests a high level of danger and a compelling narrative.  The focus on a “romantic trip” and the threat to the couple’s marriage further strengthens the sense of suspense.

**Age Group Preference:**

Looking at the age group distribution, the ""18+"" category seems to prioritize books with a higher intensity of emotion, particularly ""Anger"" and ""Fear,"" suggesting a preference for more thrilling and suspenseful stories.  The book's overall tone aligns with this preference.

**Recommendation Justification:**

“The Snake, the Crocodile and the Dog (Amelia Peabody, #7)” feels like a good fit because it captures the elements of the description most strongly: a mix of mystery, danger, and a slightly wistful tone. It maintains a narrative structure that is appropriate for teenagers who enjoy these types of stories."
gemma3:1b,0,"The Snake, the Crocodile and the Dog (Amelia Peabody, #7)","Okay, let's analyze the book description and recommend the book to the teenager age group.

**Analysis of the Book Description:**

The book description evokes a strong sense of mystery, danger, and a slightly melancholic atmosphere. It highlights the following elements:

*   **Amelia Peabody's character:** She’s portrayed as a proud, adventurous woman, possibly slightly melancholic, and with a hidden past.
*   **The plot:** It centers around a mysterious ancient tale, a dangerous expedition, and a looming threat – a ""deadly plot.""
*   **The setting:** The description paints a vivid picture of an ancient Egyptian desert, with a focus on a lost oasis and a sinister enemy.
*   **The tone:** There’s an underlying feeling of suspense and danger, which aligns well with the age group's preferences.

**Comparison to Emotion Vectors:**

Looking at the emotion vectors, here's a breakdown of what the book description seems to be tapping into:

*   **Anger:** Relatively low (0.0952) – This suggests a less overtly aggressive tone. The focus is on mystery and adventure rather than immediate conflict.
*   **Anticipation:** High (0.14579) – The description clearly establishes a sense of waiting and excitement.
*   **Disgust:** Low (0.0684) – It isn't explicitly negative, but there's an underlying sense of something being amiss or unsettling.
*   **Fear:** Moderate (0.1633) - The mention of perils and a ""deadly plot"" implies a degree of apprehension.
*   **Joy:** Low (0.2099) – The description leans towards a more thoughtful and slightly melancholic feeling.
*   **Sadness:** Low (0.1066) – The setting and threat suggest a tinge of melancholy.
*   **Surprise:** Moderate (0.0471) – The description is full of revelations and twists, implying a degree of unexpectedness.
*   **Trust:** Moderate (0.1634) – There is a hint of uncertainty, perhaps a concern about the characters' fate.

**Recommendation for the 16-17 Age Group:**

Given the emotion context of the book description, I would recommend **""The Snake, the Crocodile and the Dog (Amelia Peabody, #7)""** to this age group.

Here's why:

*   **The Mystery Factor:** The description evokes a strong sense of adventure and intrigue, which is appealing to this age group.
*   **Historical Context:** The mention of historical elements (the ancient Nile, the ""Doomed Prince"") and Amelia's fascination with the past will likely resonate with teenagers interested in stories with a bit of history.
*   **The Stakes:** The ""deadly plot"" and the danger to the characters create a sense of excitement and potential for conflict, which they might enjoy.
* **The blend of elements:** The blend of adventure, mystery, and a slightly eerie atmosphere is likely to pique their interest, aligning with what this age group generally prefers in a book.

Let me know if you’d like me to elaborate on any of these points or suggest additional book recommendations!"
gemma3:1b,0,"The Snake, the Crocodile and the Dog (Amelia Peabody, #7)","Based on the provided emotion vector analysis, I would recommend “The Snake, the Crocodile and the Dog (Amelia Peabody, #7)” to teenagers aged 16-18.

Here’s why:

*   **Anger:** The description contains elements of danger, threat, and a sense of impending doom, leaning towards anger.
*   **Anticipation:** The text showcases a high level of anticipation for an exciting mystery and a return to a significant location.
*   **Disgust:** The mention of a “cunning scheme” suggests a feeling of displeasure and perhaps a bit of worry.
*   **Fear:** The description explicitly introduces elements of peril, horror, and a sense of danger, indicating a high degree of fear.
*   **Joy:** The overall tone of the description is optimistic and romantic, with a focus on adventure and a happy life.
*   **Sadness:** The mention of a fading marriage and a threatened life adds a layer of sadness.
*   **Surprise:** The narrative employs surprises that heighten the tension and create a sense of dread.
*   **Trust:** Amelia’s trust in her husband, and her belief in the ancient narrative, adds to the overall suspense.

Considering the combined emotional weight, 16-18 year olds are the most likely to be engaged with this story."
gemma3:1b,1,"The Snake, the Crocodile and the Dog (Amelia Peabody, #7)",Answer: 16-17
gemma3:1b,1,"The Snake, the Crocodile and the Dog (Amelia Peabody, #7)",Answer: 16-17
gemma3:1b,1,"The Snake, the Crocodile and the Dog (Amelia Peabody, #7)",Answer: 16-17
gemma3:1b,1,"The Snake, the Crocodile and the Dog (Amelia Peabody, #7)",Answer: 16-17
gemma3:1b,1,"The Snake, the Crocodile and the Dog (Amelia Peabody, #7)","Answer: 16-17

Here’s my recommendation for the book “The Snake, the Crocodile and the Dog (Amelia Peabody, #7)”, based on the provided emotion vectors:

“The Snake, the Crocodile and the Dog (Amelia Peabody, #7)” would be recommended to teenagers aged 16-17.

Here’s a breakdown of why:

*   **Anger:** The description contains elements of mystery and danger, suggesting a narrative with conflict.
*   **Anticipation:** The story's premise – a lost oasis and a dangerous conspiracy – creates a strong sense of anticipation.
*   **Disgust:** The mention of the “Master Criminal” and the threat of a “deadly plot” evokes a sense of unease and disgust.
*   **Fear:** The narrative’s tone – hinting at peril and a “mummy’s curse” – leans into fear.
*   **Joy:** The story’s promise of adventure and mystery contributes to a feeling of joy, despite the potential dangers.
*   **Sadness:** The story deals with a dangerous plot, hinting at themes of loss and heartbreak, thus contributing to a sadness.
*   **Surprise:** The introduction of the long-lost oasis and the enigmatic characters creates a sense of surprise.
*   **Trust:** Amelia Peabody's character is a bit of a trope, but the whole story has elements that imply a need for the reader to trust her and her husband.


Considering the overall sentiment and the narrative's complexities, this book aligns with the emotional preferences of teenagers in this age group."
gemma3:1b,3,"The Snake, the Crocodile and the Dog (Amelia Peabody, #7)",Answer: 16-17
gemma3:1b,3,"The Snake, the Crocodile and the Dog (Amelia Peabody, #7)",Answer: 16-17
gemma3:1b,3,"The Snake, the Crocodile and the Dog (Amelia Peabody, #7)",Answer: 16-17
gemma3:1b,3,"The Snake, the Crocodile and the Dog (Amelia Peabody, #7)",Answer: 16-17
gemma3:1b,3,"The Snake, the Crocodile and the Dog (Amelia Peabody, #7)",Answer: 16-17
gemma3:1b,5,"The Snake, the Crocodile and the Dog (Amelia Peabody, #7)",Answer: 16-17
gemma3:1b,5,"The Snake, the Crocodile and the Dog (Amelia Peabody, #7)",Answer: 16-17
gemma3:1b,5,"The Snake, the Crocodile and the Dog (Amelia Peabody, #7)",Answer: 16-17
gemma3:1b,5,"The Snake, the Crocodile and the Dog (Amelia Peabody, #7)",Answer: 16-17
gemma3:1b,5,"The Snake, the Crocodile and the Dog (Amelia Peabody, #7)",Answer: 16-17
gemma3:1b,0,Public Secrets,"Based on the book description and the emotion vector analysis, I would recommend **Public Secrets** to the **17+** age group.

Here’s my reasoning:

*   **Strongly Elevated Anger:** The description heavily emphasizes a sense of danger, threat, and a feeling of being trapped, which aligns with the “Anger” emotion vector.
*   **High Anticipation:** The text evokes a sense of suspense and a thrilling plot, which fits the “Anticipation” emotion.
*   **Fear and Disgust:** The mention of kidnapping and a ""terrifying web of suspense"" suggests a feeling of fear and unease, contributing to a ""Fear"" and ""Disgust"" scores.
*   **Relatively High Joy and Sadness:** The description contains elements of hope and a blossoming relationship, which aligns with “Joy” and “Sadness” scores.
*   **Trust:** The strong emphasis on a determined and self-sufficient young woman suggests a capacity for trust that can be slightly elevated in this age group.

While the book has elements of ""Surprise,"" the overall tone leans toward a narrative that evokes suspense and a feeling of unease, making the 17+ age group the most suitable recipient."
gemma3:1b,0,Public Secrets,"Based on the book description and the emotion vector analysis, I would recommend **Public Secrets** to the teenager in the ""18+"" age group.

Here’s my reasoning:

*   **High Intensity of Themes:** The book description heavily features suspense, danger, and a dark secret, all of which strongly align with the preferences of teenagers who enjoy intense and unsettling narratives.
*   **Emotional Tone:** The descriptions of fear, suspense, and a sense of being trapped resonate with the emotional content of the book.
*   **Focus on Character and Mystery:** The book emphasizes a compelling narrative with a protagonist grappling with a challenging situation—a mysterious secret—which appeals to teenage interests.

While the other age groups show moderate interest, the combination of elements in the book description points toward a significant level of engagement and enjoyment that would be likely with this particular book."
gemma3:1b,0,Public Secrets,"Based on the book description and the emotion vector analysis, I would recommend **Public Secrets** to the teenager in the ""18+"" age group.

Here’s why:

*   **High Anger:** The description heavily features a woman facing danger and a traumatic past, strongly suggesting a sense of anger and unresolved conflict.
*   **High Anticipation:** The narrative revolves around a mysterious past and a potential threat, which fuels anticipation.
*   **High Disgust:** The description evokes a sense of unease and perhaps even a feeling of being unsettled, aligning with disgust.
*   **High Fear:** Emma’s situation presents a significant and potentially frightening threat, creating a strong element of fear.
*   **High Joy:** Despite the negativity, there's a subtle undercurrent of hope and a desire for happiness, suggesting a trace of joy, though it's tempered with a sense of apprehension.
*   **High Sadness:** The book deals with loss and a painful past, indicating sadness.
*   **High Surprise:** The events that unfold are shocking and unexpected, indicating a high degree of surprise.

While the book also has elements of anticipation and trust, the core of the story and the emotional tone strongly point to a focus on suspense, danger, and emotional turmoil – all of which are prominent in the ""18+"" age group."
gemma3:1b,0,Public Secrets,"Based on the provided book description and emotion vectors, I would recommend **Public Secrets** to the teenager in the ""18+"" age group.

Here’s why:

*   **High Anger & Anticipation:** The description heavily focuses on a woman facing a dangerous situation and a terrifying secret, indicating a strong element of conflict and suspense.
*   **High Disgust & Fear:** The mention of ""murderous secret"" and ""terrorizing Emma"" suggests a palpable sense of danger and unease, aligning with the higher intensity of the emotion vectors.
*   **Moderate Sadness & Surprise:** The narrative of Emma's past trauma and the revelation of the hidden secret creates a sense of melancholy and a surprising twist.
*   **High Trust & Joy:** Despite the darker themes, there's an underlying sense of determination and a hopeful element—Emma's journey of self-sufficiency—which indicates a desire for happiness and a positive storyline.

While the other age groups show moderate interest, the dominant emotional tone of the description leans towards suspense, danger, and a sense of vulnerability, making ""Public Secrets"" the most fitting choice for this age group."
gemma3:1b,0,Public Secrets,"Based on the book description and the emotion vector analysis, I would recommend **Public Secrets** to the teenager in the ""18+"" age group.

Here’s my reasoning:

*   **High Anger & Anticipation:** The description contains strong elements of suspense, danger, and a protagonist facing a traumatic event, aligning with the ""Anger"" and ""Anticipation"" emotions.
*   **Significant Disgust & Fear:** The mention of a ""h horrific event"" and a ""terrifying web of suspense"" indicates a heightened sense of fear and discomfort, which is reflected in the ""Fear"" and ""Disgust"" emotions.
*   **Moderate Sadness & Surprise:** The ""trapped by a dangerous desire"" and the revelation of a dark secret contribute to sadness and a sense of unease, which is reflected in the ""Sadness"" and ""Surprise"" emotions.
*   **Overall Tone:** The overall tone of the book – suspenseful and fraught with danger – seems best suited for teenagers in the 18+ age group."
gemma3:1b,1,Public Secrets,Answer: 16-17
gemma3:1b,1,Public Secrets,Answer: 16-17
gemma3:1b,1,Public Secrets,Answer: 16-17
gemma3:1b,1,Public Secrets,Answer: 16-17
gemma3:1b,1,Public Secrets,Answer: 16-17
gemma3:1b,3,Public Secrets,Answer: 13
gemma3:1b,3,Public Secrets,Answer: 13
gemma3:1b,3,Public Secrets,Answer: 13
gemma3:1b,3,Public Secrets,Answer: 13
gemma3:1b,3,Public Secrets,Answer: 15-16
gemma3:1b,5,Public Secrets,Answer: 14
gemma3:1b,5,Public Secrets,Answer: 16-17
gemma3:1b,5,Public Secrets,Answer: 18+
gemma3:1b,5,Public Secrets,Answer: 17
gemma3:1b,5,Public Secrets,Answer: 17
gemma3:1b,0,The Importance Of Being Earnest,"Based on the book description and the provided emotion vectors, I would recommend “The Importance of Being Earnest” to **14-15 year olds**.

Here’s my reasoning:

*   **Anticipation:** The description highlights an introduction, pre-reading activities, and notes – all elements that typically build excitement and anticipation for a book.
*   **Disgust:** The mention of “GCSE/Key Stage 4 level” suggests an academic or potentially slightly challenging material.
*   **Fear:** The description focuses on a ""process of writing,"" which could be perceived as a bit daunting, potentially triggering a mild level of fear in some teenagers.
*   **Joy:** The book is a classic comedy, so a positive emotional response is likely.
*   **Sadness:** The description is primarily focused on a narrative, which is unlikely to evoke sadness.
*   **Surprise:** The book is a comedy, so a surprise element would likely be a positive experience.
*   **Trust:** The description emphasizes the author's guidance and process, which fosters a sense of trust in the story.

While the emotion vectors are relatively low across all age groups, the focus on anticipation, a touch of potential fear, and overall narrative appeal leans towards 14-15 year olds."
gemma3:1b,0,The Importance Of Being Earnest,"Based on the book description and the emotion vector analysis, I would recommend **“The Importance Of Being Earnest”** to **14-15** age groups.

Here’s my reasoning:

*   **Anticipation:** The description highlights an introduction, pre-reading activities, and notes – all strongly suggesting engagement and anticipation for a story.
*   **Joy:** The mention of “writing” and “the process of writing” indicates a playful and potentially enjoyable element, fitting with the comedic tone of the play.
*   **Sadness:** There's no indication of sadness in the description, so this isn't a significant factor.
*   **Disgust:** The description focuses on a narrative, not an unpleasant experience.
*   **Fear:** The description doesn’t evoke fear.
*   **Surprise:** While the description is a narrative, it doesn't contain elements that would create a sense of surprise.
*   **Trust:** The description doesn't imply skepticism or distrust, suggesting a positive and grounded tone.

While all age groups appreciate certain elements, the combination of anticipation, enjoyment of a narrative, and a positive tone make 14-15 the most appropriate group for this book."
gemma3:1b,0,The Importance Of Being Earnest,"Based on the book description “The Importance Of Being Earnest,” I would recommend it to the **14-15 age group**.

Here’s why:

* **Anticipation:** The description highlights an introduction, pre-reading activities, and notes, all of which strongly suggest an eagerness to engage with the material.
* **Disgust:** The mention of “the National Curriculum syllabus” and a “section on the process of writing” points towards a potential focus on structure and a learning experience, which could be appealing to a 14-15 year old.
* **Joy:** The description indicates a focus on a ""series of novels, plays and stories"" which often carries a sense of entertainment and enjoyment.
* **Sadness:** The description is fairly neutral, so there’s little indication of sadness.
* **Surprise:** The description doesn’t suggest any element of surprise.
* **Trust:** The description focuses on a “process of writing,” implying an attempt to build a foundation of knowledge and understanding, which aligns well with a 14-15 age group’s desire to learn and grow.

While the book could appeal to other age groups as well, the combination of elements within the description points towards a strong likelihood of enjoyment for the 14-15 age range."
gemma3:1b,0,The Importance Of Being Earnest,"Based on the book description and the emotion vector analysis, I would recommend **“The Importance of Being Earnest”** to teenagers aged **16-17**.

Here’s my reasoning:

* **Anger:** The description highlights a focus on a ""process of writing,"" suggesting a potential element of frustration or difficulty, which aligns with a 16-17 year old’s potential response to a challenging task.
* **Anticipation:** The mention of “pre-reading activities” and “notes and coursework activities” indicates a level of engagement and interest that’s likely present in this age group.
* **Disgust:** The description lacks a strong element of disgust, which is unlikely to be a prominent feature of this particular book.
* **Fear:** The description emphasizes a “series of novels, plays and stories,” which does not suggest a fear of the story.
* **Joy:** The description focuses on a humorous and lighthearted narrative.
* **Sadness:** The text is primarily focused on comedy and clever wordplay.
* **Surprise:** The description doesn’t contain any elements that would surprise a teenager.
* **Trust:** The description focuses on the author’s process, not on trusting the author's abilities.

While the other age groups likely prefer different emotional intensities, the combination of the description's elements points to a teenager who would be most receptive to this story."
gemma3:1b,0,The Importance Of Being Earnest,"Based on the book description and the emotion vector analysis, I would recommend “The Importance Of Being Earnest” to **14-15 year olds**.

Here’s my reasoning:

* **The description emphasizes:** A series of novels/plays/stories, a focus on a structured approach (introduction, activities, notes), and a lesson about writing. These elements strongly align with the interests and engagement levels of this age group.

Let’s look at why the other age groups are less suitable:

* **12-13:** The description leans more towards literary complexity, so it doesn't seem to capture the same level of engagement.
* **16-17:** While it does mention writing, the overall tone seems more focused on a narrative and character development, which isn’t the primary appeal for this age group.
* **18+:** The description is relatively straightforward, lacking the elements that draw teenagers in – humor, social commentary, or a compelling story."
gemma3:1b,1,The Importance Of Being Earnest,Answer: 18+
gemma3:1b,1,The Importance Of Being Earnest,Answer: 18+
gemma3:1b,1,The Importance Of Being Earnest,Answer: 18+
gemma3:1b,1,The Importance Of Being Earnest,Answer: 14-15
gemma3:1b,1,The Importance Of Being Earnest,Answer: 18+
gemma3:1b,3,The Importance Of Being Earnest,Answer: 18+
gemma3:1b,3,The Importance Of Being Earnest,Answer: 18+
gemma3:1b,3,The Importance Of Being Earnest,Answer: 18+
gemma3:1b,3,The Importance Of Being Earnest,Answer: 18+
gemma3:1b,3,The Importance Of Being Earnest,Answer: 18+
gemma3:1b,5,The Importance Of Being Earnest,Answer: 18+
gemma3:1b,5,The Importance Of Being Earnest,Answer: 18+
gemma3:1b,5,The Importance Of Being Earnest,Answer: 16-17
gemma3:1b,5,The Importance Of Being Earnest,Answer: 18+
gemma3:1b,5,The Importance Of Being Earnest,Answer: 16-17
